{
  "fontFamily": [
    {
      "name": "Poppins",
      "src": [
        {
          "weight": "400"
        },
        {
          "weight": "500"
        },
        {
          "weight": "600"
        }
      ],
      "preload": false,
      "provider": "google-fonts",
      "display": "swap",
      "cssVariable": "font-primary",
      "fallback": "sans-serif",
      "locallyHosted": true,
      "__comment": "Primary font for body text, UI, forms. Clean & professional for IT company."
    },
    {
      "name": "Unbounded",
      "src": [
        {
          "style": "normal",
          "weight": "400"
        },
        {
          "style": "normal",
          "weight": "500"
        },
        {
          "style": "normal",
          "weight": "600"
        },
        {
          "style": "normal",
          "weight": "700"
        }
      ],
      "preload": false,
      "provider": "google-fonts",
      "display": "swap",
      "cssVariable": "font-secondary",
      "fallback": "sans-serif",
      "locallyHosted": true,
      "__comment": "Secondary font for headings, hero titles, portfolio & branding sections."
    }
  ]
}