{
  "headerPrimary": [
    {
      "enable": true,
      "name": "Accueil",
      "url": "/"
    },
    {
      "enable": true,
      "name": "À propos",
      "url": "/#about"
    },
    {
      "enable": true,
      "name": "Services",
      "url": "/#services"
    },
    {
      "enable": true,
      "name": "Nos Projets",
      "url": "/#projects"
    },
    {
      "enable": true,
      "name": "Tarifs",
      "url": "/#pricing"
    },
    {
      "enable": true,
      "name": "Contact",
      "url": "/#contact"
    }
  ]
}