{
  "headerPrimary": [
    {
      "enable": true,
      "name": "Home",
      "url": "/"
    },
    {
      "enable": true,
      "name": "About Us",
      "url": "/#about"
    },
    {
      "enable": true,
      "name": "Services",
      "url": "/#services"
    },
    {
      "enable": true,
      "name": "Our Projects",
      "url": "/#projects"
    },
    {
      "enable": true,
      "name": "Pricing",
      "url": "/#pricing"
    },
    {
      "enable": true,
      "name": "Contact",
      "url": "/#contact"
    }
  ]
}